[
    {
        "info": {
            "title": "LOOOOOOOOOOOOOOOOOOOOOOL",
            "description": "$LOL",
            "thumbnail": ""
        },
        "blocks": [
            {
                "name": "text",
                "info": {
                    "x": 12,
                    "y": 33,
                    "z": 1,
                    "color": "#5a5a5a",
                    "height": 120,
                    "width": 305
                },
                "options": {
                    "text": "LOL"
                },
                "outputs": {
                    "text": [
                        "fhnY6YmChW"
                    ]
                }
            },
            {
                "name": "command_event",
                "info": {
                    "x": 25,
                    "y": 183,
                    "z": 2,
                    "color": "#5a5a5a",
                    "height": 266.4,
                    "width": 758
                },
                "inputs": {
                    "command_name": "fhnY6YmChW",
                    "custom_prefix": "04Ifpwd8QL",
                    "command_slowmode": "rTouxJj3DU"
                },
                "options": {
                    "command_restriction": "none",
                    "required_member_permission": "none",
                    "case_sensitive": "no",
                    "command_slowmode_restriction": "none"
                },
                "outputs": {
                    "action1": [
                        "xYnLsDO6GI"
                    ],
                    "action2": [],
                    "message": [],
                    "channel": [
                        "6FPWibpM6Z"
                    ],
                    "user": [],
                    "error_message": []
                }
            },
            {
                "name": "send_message",
                "info": {
                    "x": 51,
                    "y": 473,
                    "z": 3,
                    "color": "#5a5a5a",
                    "height": 241.6,
                    "width": 280
                },
                "inputs": {
                    "action": "xYnLsDO6GI",
                    "channel": "6FPWibpM6Z",
                    "text": "oOFVWc1VC7",
                    "embed": "FGAJ6PScdY",
                    "attachment": "ClY8mcP01a",
                    "split_message": "eCAjqJkXCt"
                },
                "outputs": {
                    "action": [],
                    "message": []
                }
            },
            {
                "name": "text",
                "info": {
                    "x": 351,
                    "y": 487,
                    "z": 4,
                    "color": "#5a5a5a",
                    "height": 120,
                    "width": 305
                },
                "options": {
                    "text": "idi nafig\n"
                },
                "outputs": {
                    "text": [
                        "oOFVWc1VC7"
                    ]
                }
            }
        ],
        "notes": []
    },
    {
        "info": {
            "title": "info",
            "description": "$info",
            "thumbnail": "https://tenor.com/view/aboba-gif-22062699"
        },
        "blocks": [
            {
                "name": "command_event",
                "info": {
                    "x": 5,
                    "y": 141,
                    "z": 1,
                    "color": "#5a5a5a",
                    "height": 266.4,
                    "width": 758
                },
                "inputs": {
                    "command_name": "ycuWkf4rxe",
                    "custom_prefix": "QjJgkPAezi",
                    "command_slowmode": "GrhiOlMxQt"
                },
                "options": {
                    "command_restriction": "none",
                    "required_member_permission": "none",
                    "case_sensitive": "no",
                    "command_slowmode_restriction": "none"
                },
                "outputs": {
                    "action1": [
                        "gpECOxGraG"
                    ],
                    "action2": [],
                    "message": [],
                    "channel": [
                        "iRuyR5F2Qd"
                    ],
                    "user": [],
                    "error_message": []
                }
            },
            {
                "name": "text",
                "info": {
                    "x": 6,
                    "y": 8,
                    "z": 2,
                    "color": "#5a5a5a",
                    "height": 120,
                    "width": 305
                },
                "options": {
                    "text": "info"
                },
                "outputs": {
                    "text": [
                        "ycuWkf4rxe"
                    ]
                }
            },
            {
                "name": "send_message",
                "info": {
                    "x": 977,
                    "y": 3,
                    "z": 3,
                    "color": "#5a5a5a",
                    "height": 241.6,
                    "width": 280
                },
                "inputs": {
                    "action": "gpECOxGraG",
                    "channel": "iRuyR5F2Qd",
                    "text": "wdLiZ7aSBj",
                    "embed": "dgErruCwFX",
                    "attachment": "d1hiR7rEPb",
                    "split_message": "BIhVdYx2Sg"
                },
                "outputs": {
                    "action": [],
                    "message": []
                }
            },
            {
                "name": "text",
                "info": {
                    "x": 957,
                    "y": 246,
                    "z": 4,
                    "color": "#5a5a5a",
                    "height": 120,
                    "width": 305
                },
                "options": {
                    "text": "этого бота создал\nBeluga (Aenngan)#7111"
                },
                "outputs": {
                    "text": [
                        "wdLiZ7aSBj"
                    ]
                }
            }
        ],
        "notes": []
    }
]